{
    "CO10_C_coeff": [
        0.019154525467252038,
        "s solMass / (K km pc2)"
    ],
    "CO10_QE_popt": [
        1.1855213097182806,
        1.0508769810006267,
        0.13519638277088097,
        3.0422437165805363
    ],
    "CO21_C_coeff": [
        0.004791830144641124,
        "s solMass / (K km pc2)"
    ],
    "CO21_QE_popt": [
        -0.03806215000201428,
        1.0208884666182112,
        1.8849023333493993,
        19.602163682391556
    ],
    "CI10_C_coeff": [
        0.319176368328768,
        "s solMass / (K km pc2)"
    ],
    "CI10_QE_popt": [
        0.03286472230426837,
        1.40989181037848,
        -3.8375304873755893,
        4.593530462560491
    ],
    "CI21_C_coeff": [
        0.15399714545457402,
        "s solMass / (K km pc2)"
    ],
    "CI21_QE_popt": [
        -0.7341546505417581,
        8.46742857101429,
        -9.128206472756512,
        6.773204440686132
    ]
}