{
    "CO10_C_coeff": [
        0.019154525467252038,
        "s solMass / (K km pc2)"
    ],
    "CO10_QE_popt": [
        1.051704151414679,
        1.2122131130576443,
        -6.2250873735485674,
        5.02300311348483
    ],
    "CO10_T_only_popt": [
        0.000222698128134739,
        5.586034447038524,
        -5.676599251244184,
        0.22042382379577832
    ],
    "CO21_C_coeff": [
        0.004791830144641124,
        "s solMass / (K km pc2)"
    ],
    "CO21_QE_popt": [
        1.2854133066984192,
        2.0196850820483623,
        -6.181678587437481,
        4.058061887126724
    ],
    "CO21_T_only_popt": [
        3.3310110926790185e-05,
        5.921700574974829,
        -6.600390927942293,
        -0.30057394330257126
    ],
    "CI10_C_coeff": [
        0.319176368328768,
        "s solMass / (K km pc2)"
    ],
    "CI10_QE_popt": [
        0.01739237459873414,
        1.4652332272422204,
        -7.288718587521694,
        4.910747575761008
    ],
    "CI10_T_only_popt": [
        4.165293223276423e-05,
        7.358162696418125,
        -7.072361036374822,
        11.71627056244604
    ],
    "CI21_C_coeff": [
        0.15399714545457402,
        "s solMass / (K km pc2)"
    ],
    "CI21_QE_popt": [
        -0.14473097014283487,
        5.828752724889657,
        -7.340552634444355,
        2.0067789616692524
    ],
    "CI21_T_only_popt": [
        2.081502118680303e-05,
        6.629663367848751,
        -7.738014753499388,
        6.706309936953564
    ]
}