{
    "CO10_C_coeff": [
        0.019154525467252038,
        "s solMass / (K km pc2)"
    ],
    "CO10_QE_popt": [
        1.051704151414679,
        1.2122131130576443,
        -6.2250873735485674,
        5.02300311348483
    ],
    "CO21_C_coeff": [
        0.004791830144641124,
        "s solMass / (K km pc2)"
    ],
    "CO21_QE_popt": [
        1.2854133066984192,
        2.0196850820483623,
        -6.181678587437481,
        4.058061887126724
    ],
    "CI10_C_coeff": [
        0.319176368328768,
        "s solMass / (K km pc2)"
    ],
    "CI10_QE_popt": [
        0.01739237459873414,
        1.4652332272422204,
        -7.288718587521694,
        4.910747575761008
    ],
    "CI21_C_coeff": [
        0.15399714545457402,
        "s solMass / (K km pc2)"
    ],
    "CI21_QE_popt": [
        -0.14473097014283487,
        5.828752724889657,
        -7.340552634444355,
        2.0067789616692524
    ]
}