{
    "CO10_C_coeff": [
        0.019154525467252038,
        "s solMass / (K km pc2)"
    ],
    "CO10_QE_popt": [
        1.1841972425580587,
        1.0501500500798997,
        0.13536555224402363,
        3.0465464845741184
    ],
    "CO10_T_only_popt": [
        0.5323781291051194,
        1.8552660680892585,
        -1.1156670574145653,
        -0.7123785107641798
    ],
    "CO21_C_coeff": [
        0.004791830144641124,
        "s solMass / (K km pc2)"
    ],
    "CO21_QE_popt": [
        0.3207064528652489,
        0.6558801585291042,
        0.5224550180461297,
        11.835134607615025
    ],
    "CO21_T_only_popt": [
        0.248227083540217,
        1.8241934854947004,
        -1.7968054406869003,
        -0.6791714695254549
    ],
    "CI10_C_coeff": [
        0.319176368328768,
        "s solMass / (K km pc2)"
    ],
    "CI10_QE_popt": [
        0.0328647148034748,
        1.4098887795297375,
        -3.8375300128337426,
        4.593538234335447
    ],
    "CI10_T_only_popt": [
        0.010323231039210868,
        4.651581684699544,
        -3.6865952058782434,
        10.930154041046668
    ],
    "CI21_C_coeff": [
        0.15399714545457402,
        "s solMass / (K km pc2)"
    ],
    "CI21_QE_popt": [
        -0.12409967425289034,
        4.626016559916432,
        -5.440081664905164,
        2.58051798572354
    ],
    "CI21_T_only_popt": [
        1.3095606810980023e-06,
        7.014716081673468,
        -9.401248663996297,
        5.66940544164421
    ]
}